claim_id,review_A_classification,A_priority,integration_disposition,new_primary_evidence
ASP-001,SECONDARY_BOUNDED,P1,RETAIN_WITH_HISTORICAL_ATTRIBUTION,NO_NEW_PRIMARY_CAPTURE
ASP-002,PRIMARY_VERIFIED,NONE,RETAIN_REVIEW_A_ASSESSED,NO_NEW_PRIMARY_CAPTURE
ASP-003,SECONDARY_BOUNDED,P1,RETAIN_WITH_HISTORICAL_ATTRIBUTION,NO_NEW_PRIMARY_CAPTURE
ASP-004,SECONDARY_BOUNDED,P2,RETAIN_WITH_HISTORICAL_ATTRIBUTION,NO_NEW_PRIMARY_CAPTURE
ASP-005,SECONDARY_BOUNDED,P1,RETAIN_WITH_HISTORICAL_ATTRIBUTION,NO_NEW_PRIMARY_CAPTURE
ASP-006,SECONDARY_BOUNDED,P2,RETAIN_WITH_HISTORICAL_ATTRIBUTION,NO_NEW_PRIMARY_CAPTURE
ASP-007,PRIMARY_VERIFIED,NONE,RETAIN_REVIEW_A_ASSESSED,NO_NEW_PRIMARY_CAPTURE
ASP-008,SECONDARY_BOUNDED,P1,RETAIN_WITH_HISTORICAL_ATTRIBUTION,NO_NEW_PRIMARY_CAPTURE
ASP-009,SECONDARY_BOUNDED,P1,RETAIN_WITH_HISTORICAL_ATTRIBUTION,NO_NEW_PRIMARY_CAPTURE
ASP-010,SECONDARY_BOUNDED,P2,RETAIN_WITH_HISTORICAL_ATTRIBUTION,NO_NEW_PRIMARY_CAPTURE
ASP-011,SECONDARY_BOUNDED,P2,RETAIN_WITH_HISTORICAL_ATTRIBUTION,NO_NEW_PRIMARY_CAPTURE
ASP-012,SECONDARY_BOUNDED,P1,RETAIN_WITH_HISTORICAL_ATTRIBUTION,NO_NEW_PRIMARY_CAPTURE
ASP-013,OPEN,P1,REMAIN_OPEN_EXTERNAL_OR_PROVENANCE,NO_NEW_PRIMARY_CAPTURE
ASP-014,SECONDARY_BOUNDED,NONE,RETAIN_WITH_HISTORICAL_ATTRIBUTION,NO_NEW_PRIMARY_CAPTURE
ASP-015,SECONDARY_BOUNDED,P1,RETAIN_WITH_HISTORICAL_ATTRIBUTION,NO_NEW_PRIMARY_CAPTURE
ASP-016,SECONDARY_BOUNDED,P1,RETAIN_WITH_HISTORICAL_ATTRIBUTION,NO_NEW_PRIMARY_CAPTURE
ASP-017,SECONDARY_BOUNDED,P1,RETAIN_WITH_HISTORICAL_ATTRIBUTION,NO_NEW_PRIMARY_CAPTURE
ASP-018,SECONDARY_BOUNDED,P1,RETAIN_WITH_HISTORICAL_ATTRIBUTION,NO_NEW_PRIMARY_CAPTURE
ASP-019,DERIVED_CHECKED,NONE,RETAIN_WITH_EXPLICIT_ASSUMPTIONS,NO_NEW_PRIMARY_CAPTURE
ASP-020,PRIMARY_VERIFIED,NONE,RETAIN_REVIEW_A_ASSESSED,NO_NEW_PRIMARY_CAPTURE
ASP-021,PRIMARY_VERIFIED,NONE,RETAIN_REVIEW_A_ASSESSED,NO_NEW_PRIMARY_CAPTURE
ASP-022,DERIVED_CHECKED,NONE,RETAIN_WITH_EXPLICIT_ASSUMPTIONS,NO_NEW_PRIMARY_CAPTURE
ASP-023,OPEN,P1,REMAIN_OPEN_EXTERNAL_OR_PROVENANCE,NO_NEW_PRIMARY_CAPTURE
ASP-024,SECONDARY_BOUNDED,P1,RETAIN_WITH_HISTORICAL_ATTRIBUTION,NO_NEW_PRIMARY_CAPTURE
ASP-025,SECONDARY_BOUNDED,P1,RETAIN_WITH_HISTORICAL_ATTRIBUTION,NO_NEW_PRIMARY_CAPTURE
ASP-026,OPEN,NONE,REMAIN_OPEN_EXTERNAL_OR_PROVENANCE,NO_NEW_PRIMARY_CAPTURE
ASP-027,DERIVED_CHECKED,NONE,RETAIN_WITH_EXPLICIT_ASSUMPTIONS,NO_NEW_PRIMARY_CAPTURE
ASP-028,DERIVED_CHECKED,NONE,RETAIN_WITH_EXPLICIT_ASSUMPTIONS,NO_NEW_PRIMARY_CAPTURE
ASP-029,DERIVED_CHECKED,P2,RETAIN_WITH_EXPLICIT_ASSUMPTIONS,NO_NEW_PRIMARY_CAPTURE
ASP-030,SECONDARY_BOUNDED,P1,RETAIN_WITH_HISTORICAL_ATTRIBUTION,NO_NEW_PRIMARY_CAPTURE
ASP-031,HYPOTHESIS,NONE,RETAIN_AS_HYPOTHESIS_ONLY,NO_NEW_PRIMARY_CAPTURE
ASP-032,PRIMARY_VERIFIED,NONE,RETAIN_REVIEW_A_ASSESSED,NO_NEW_PRIMARY_CAPTURE
ASP-033,SECONDARY_BOUNDED,P1,RETAIN_WITH_HISTORICAL_ATTRIBUTION,NO_NEW_PRIMARY_CAPTURE
ASP-034,HYPOTHESIS,NONE,RETAIN_AS_HYPOTHESIS_ONLY,NO_NEW_PRIMARY_CAPTURE
ASP-035,SECONDARY_BOUNDED,P1,RETAIN_WITH_HISTORICAL_ATTRIBUTION,NO_NEW_PRIMARY_CAPTURE
ASP-036,SECONDARY_BOUNDED,P1,RETAIN_WITH_HISTORICAL_ATTRIBUTION,NO_NEW_PRIMARY_CAPTURE
ASP-037,SECONDARY_BOUNDED,P2,RETAIN_WITH_HISTORICAL_ATTRIBUTION,NO_NEW_PRIMARY_CAPTURE
ASP-038,SECONDARY_BOUNDED,P1,RETAIN_WITH_HISTORICAL_ATTRIBUTION,NO_NEW_PRIMARY_CAPTURE
ASP-039,HYPOTHESIS,NONE,RETAIN_AS_HYPOTHESIS_ONLY,NO_NEW_PRIMARY_CAPTURE
ASP-040,SECONDARY_BOUNDED,P1,RETAIN_WITH_HISTORICAL_ATTRIBUTION,NO_NEW_PRIMARY_CAPTURE
ASP-041,PRIMARY_VERIFIED,NONE,RETAIN_REVIEW_A_ASSESSED,NO_NEW_PRIMARY_CAPTURE
ASP-042,PRIMARY_VERIFIED,NONE,RETAIN_REVIEW_A_ASSESSED,NO_NEW_PRIMARY_CAPTURE
ASP-043,SECONDARY_BOUNDED,P1,RETAIN_WITH_HISTORICAL_ATTRIBUTION,NO_NEW_PRIMARY_CAPTURE
ASP-044,PRIMARY_VERIFIED,NONE,RETAIN_REVIEW_A_ASSESSED,NO_NEW_PRIMARY_CAPTURE
ASP-045,OPEN,NONE,REMAIN_OPEN_EXTERNAL_OR_PROVENANCE,NO_NEW_PRIMARY_CAPTURE
ASP-046,HYPOTHESIS,NONE,RETAIN_AS_HYPOTHESIS_ONLY,NO_NEW_PRIMARY_CAPTURE
NGG-001,SECONDARY_BOUNDED,NONE,RETAIN_WITH_HISTORICAL_ATTRIBUTION,NO_NEW_PRIMARY_CAPTURE
NGG-002,SECONDARY_BOUNDED,P1,RETAIN_WITH_HISTORICAL_ATTRIBUTION,NO_NEW_PRIMARY_CAPTURE
NGG-003,SECONDARY_BOUNDED,P1,RETAIN_WITH_HISTORICAL_ATTRIBUTION,NO_NEW_PRIMARY_CAPTURE
NGG-004,SECONDARY_BOUNDED,P1,RETAIN_WITH_HISTORICAL_ATTRIBUTION,NO_NEW_PRIMARY_CAPTURE
NGG-005,SECONDARY_BOUNDED,NONE,RETAIN_WITH_HISTORICAL_ATTRIBUTION,NO_NEW_PRIMARY_CAPTURE
NGG-006,SECONDARY_BOUNDED,P1,RETAIN_WITH_HISTORICAL_ATTRIBUTION,NO_NEW_PRIMARY_CAPTURE
NGG-007,SECONDARY_BOUNDED,P2,RETAIN_WITH_HISTORICAL_ATTRIBUTION,NO_NEW_PRIMARY_CAPTURE
NGG-008,SECONDARY_BOUNDED,P1,RETAIN_WITH_HISTORICAL_ATTRIBUTION,NO_NEW_PRIMARY_CAPTURE
NGG-009,PRIMARY_VERIFIED,NONE,RETAIN_REVIEW_A_ASSESSED,NO_NEW_PRIMARY_CAPTURE
NGG-010,PRIMARY_VERIFIED,P1,RETAIN_REVIEW_A_ASSESSED,NO_NEW_PRIMARY_CAPTURE
NGG-011,PRIMARY_VERIFIED,P1,RETAIN_REVIEW_A_ASSESSED,NO_NEW_PRIMARY_CAPTURE
NGG-012,PRIMARY_VERIFIED,NONE,RETAIN_REVIEW_A_ASSESSED,NO_NEW_PRIMARY_CAPTURE
NGG-013,PRIMARY_VERIFIED,NONE,RETAIN_REVIEW_A_ASSESSED,NO_NEW_PRIMARY_CAPTURE
NGG-014,PRIMARY_VERIFIED,NONE,RETAIN_REVIEW_A_ASSESSED,NO_NEW_PRIMARY_CAPTURE
NGG-015,PRIMARY_VERIFIED,NONE,RETAIN_REVIEW_A_ASSESSED,NO_NEW_PRIMARY_CAPTURE
NGG-016,DERIVED_CHECKED,NONE,RETAIN_WITH_EXPLICIT_ASSUMPTIONS,NO_NEW_PRIMARY_CAPTURE
NGG-017,OPEN,P1,REMAIN_OPEN_EXTERNAL_OR_PROVENANCE,NO_NEW_PRIMARY_CAPTURE
NGG-018,OPEN,P1,REMAIN_OPEN_EXTERNAL_OR_PROVENANCE,NO_NEW_PRIMARY_CAPTURE
NGG-019,PRIMARY_VERIFIED,NONE,RETAIN_REVIEW_A_ASSESSED,NO_NEW_PRIMARY_CAPTURE
NGG-020,DERIVED_CHECKED,NONE,RETAIN_WITH_EXPLICIT_ASSUMPTIONS,NO_NEW_PRIMARY_CAPTURE
NGG-021,DERIVED_CHECKED,NONE,RETAIN_WITH_EXPLICIT_ASSUMPTIONS,NO_NEW_PRIMARY_CAPTURE
NGG-022,DERIVED_CHECKED,NONE,RETAIN_WITH_EXPLICIT_ASSUMPTIONS,NO_NEW_PRIMARY_CAPTURE
NGG-023,OPEN,NONE,REMAIN_OPEN_EXTERNAL_OR_PROVENANCE,NO_NEW_PRIMARY_CAPTURE
NGG-024,PRIMARY_VERIFIED,NONE,RETAIN_REVIEW_A_ASSESSED,NO_NEW_PRIMARY_CAPTURE
NGG-025,OPEN,NONE,REMAIN_OPEN_EXTERNAL_OR_PROVENANCE,NO_NEW_PRIMARY_CAPTURE
NGG-026,PRIMARY_VERIFIED,P1,RETAIN_REVIEW_A_ASSESSED,NO_NEW_PRIMARY_CAPTURE
NGG-027,SECONDARY_BOUNDED,P1,RETAIN_WITH_HISTORICAL_ATTRIBUTION,NO_NEW_PRIMARY_CAPTURE
NGG-028,PRIMARY_VERIFIED,NONE,RETAIN_REVIEW_A_ASSESSED,NO_NEW_PRIMARY_CAPTURE
NGG-029,PRIMARY_VERIFIED,NONE,RETAIN_REVIEW_A_ASSESSED,NO_NEW_PRIMARY_CAPTURE
NGG-030,PRIMARY_VERIFIED,NONE,RETAIN_REVIEW_A_ASSESSED,NO_NEW_PRIMARY_CAPTURE
NGG-031,OPEN,P1,REMAIN_OPEN_EXTERNAL_OR_PROVENANCE,NO_NEW_PRIMARY_CAPTURE
NGG-032,SECONDARY_BOUNDED,P1,RETAIN_WITH_HISTORICAL_ATTRIBUTION,NO_NEW_PRIMARY_CAPTURE
NGG-033,SECONDARY_BOUNDED,P1,RETAIN_WITH_HISTORICAL_ATTRIBUTION,NO_NEW_PRIMARY_CAPTURE
NGG-034,SECONDARY_BOUNDED,P1,RETAIN_WITH_HISTORICAL_ATTRIBUTION,NO_NEW_PRIMARY_CAPTURE
NGG-035,OPEN,NONE,REMAIN_OPEN_EXTERNAL_OR_PROVENANCE,NO_NEW_PRIMARY_CAPTURE
NGG-036,SECONDARY_BOUNDED,P2,RETAIN_WITH_HISTORICAL_ATTRIBUTION,NO_NEW_PRIMARY_CAPTURE
NGG-037,HYPOTHESIS,NONE,RETAIN_AS_HYPOTHESIS_ONLY,NO_NEW_PRIMARY_CAPTURE
NGG-038,PRIMARY_VERIFIED,NONE,RETAIN_REVIEW_A_ASSESSED,NO_NEW_PRIMARY_CAPTURE
NGG-039,PRIMARY_VERIFIED,NONE,RETAIN_REVIEW_A_ASSESSED,NO_NEW_PRIMARY_CAPTURE
NGG-040,PRIMARY_VERIFIED,NONE,RETAIN_REVIEW_A_ASSESSED,NO_NEW_PRIMARY_CAPTURE
NGG-041,OPEN,P1,REMAIN_OPEN_EXTERNAL_OR_PROVENANCE,NO_NEW_PRIMARY_CAPTURE
NGG-042,SECONDARY_BOUNDED,P1,RETAIN_WITH_HISTORICAL_ATTRIBUTION,NO_NEW_PRIMARY_CAPTURE
NGG-043,SECONDARY_BOUNDED,P1,RETAIN_WITH_HISTORICAL_ATTRIBUTION,NO_NEW_PRIMARY_CAPTURE
NGG-044,SECONDARY_BOUNDED,P2,RETAIN_WITH_HISTORICAL_ATTRIBUTION,NO_NEW_PRIMARY_CAPTURE
NGG-045,SECONDARY_BOUNDED,P1,RETAIN_WITH_HISTORICAL_ATTRIBUTION,NO_NEW_PRIMARY_CAPTURE
NGG-046,SECONDARY_BOUNDED,P2,RETAIN_WITH_HISTORICAL_ATTRIBUTION,NO_NEW_PRIMARY_CAPTURE
NGG-047,SECONDARY_BOUNDED,P1,RETAIN_WITH_HISTORICAL_ATTRIBUTION,NO_NEW_PRIMARY_CAPTURE
NGG-048,HYPOTHESIS,NONE,RETAIN_AS_HYPOTHESIS_ONLY,NO_NEW_PRIMARY_CAPTURE
NGG-049,HYPOTHESIS,NONE,RETAIN_AS_HYPOTHESIS_ONLY,NO_NEW_PRIMARY_CAPTURE
NGG-050,PRIMARY_VERIFIED,NONE,RETAIN_REVIEW_A_ASSESSED,NO_NEW_PRIMARY_CAPTURE
NGG-051,HYPOTHESIS,NONE,RETAIN_AS_HYPOTHESIS_ONLY,NO_NEW_PRIMARY_CAPTURE
