load_w,nominal_energy_wh,ideal_hours,reference_load_in_review,formula,efficiency_assumption,evidence_kind,source_files,limit
5,57.72,11.544000,False,6*3.7*2.6/load_w,1 (lossless model),calculated_scenario_not_measurement,../recovered_sources/nggroup-20260910/ups-m1550.txt;../recovered_sources/nggroup-20260910/ups-description.txt,"No conversion loss, ageing or time-varying load; not device runtime validation."
7.5,57.72,7.696000,False,6*3.7*2.6/load_w,1 (lossless model),calculated_scenario_not_measurement,../recovered_sources/nggroup-20260910/ups-m1550.txt;../recovered_sources/nggroup-20260910/ups-description.txt,"No conversion loss, ageing or time-varying load; not device runtime validation."
10,57.72,5.772000,False,6*3.7*2.6/load_w,1 (lossless model),calculated_scenario_not_measurement,../recovered_sources/nggroup-20260910/ups-m1550.txt;../recovered_sources/nggroup-20260910/ups-description.txt,"No conversion loss, ageing or time-varying load; not device runtime validation."
13,57.72,4.440000,True,6*3.7*2.6/load_w,1 (lossless model),calculated_scenario_not_measurement,../recovered_sources/nggroup-20260910/ups-m1550.txt;../recovered_sources/nggroup-20260910/ups-description.txt,"No conversion loss, ageing or time-varying load; not device runtime validation."
15,57.72,3.848000,True,6*3.7*2.6/load_w,1 (lossless model),calculated_scenario_not_measurement,../recovered_sources/nggroup-20260910/ups-m1550.txt;../recovered_sources/nggroup-20260910/ups-description.txt,"No conversion loss, ageing or time-varying load; not device runtime validation."
20,57.72,2.886000,False,6*3.7*2.6/load_w,1 (lossless model),calculated_scenario_not_measurement,../recovered_sources/nggroup-20260910/ups-m1550.txt;../recovered_sources/nggroup-20260910/ups-description.txt,"No conversion loss, ageing or time-varying load; not device runtime validation."
25,57.72,2.308800,False,6*3.7*2.6/load_w,1 (lossless model),calculated_scenario_not_measurement,../recovered_sources/nggroup-20260910/ups-m1550.txt;../recovered_sources/nggroup-20260910/ups-description.txt,"No conversion loss, ageing or time-varying load; not device runtime validation."
30,57.72,1.924000,False,6*3.7*2.6/load_w,1 (lossless model),calculated_scenario_not_measurement,../recovered_sources/nggroup-20260910/ups-m1550.txt;../recovered_sources/nggroup-20260910/ups-description.txt,"No conversion loss, ageing or time-varying load; not device runtime validation."
35,57.72,1.649143,False,6*3.7*2.6/load_w,1 (lossless model),calculated_scenario_not_measurement,../recovered_sources/nggroup-20260910/ups-m1550.txt;../recovered_sources/nggroup-20260910/ups-description.txt,"No conversion loss, ageing or time-varying load; not device runtime validation."
